"query","search interest","increase percent"
"wikipedia",5,"Breakout"
"lidl near me",2,"Breakout"
"walmart near me",2,"Breakout"
"python web framework",2,"Breakout"
"web development news",35,"800%"
"web development best practices",38,"700%"
"leadership development",6,"600%"
"react development",9,"190%"
"custom web development india",35,"140%"
"custom web application development companies",7,"100%"
"web development frameworks",3,"80%"
"custom web development companies",34,"70%"
"custom web development toronto",4,"60%"
"custom software development",60,"50%"
"custom web software development",60,"50%"
"custom web development agency",35,"40%"
"web development agency",35,"40%"
"website development",43,"20%"
"custom website development",43,"20%"
"custom web portal development",11,"20%"
"custom web development company india",8,"20%"
"backend development",4,"20%"
"custom software development company",18,"10%"
"custom software development services",15,"10%"
"custom web applications development",14,"10%"
"custom web app development",100,"10%"
"custom web development service",36,"10%"
"custom web development company in usa",4,"8%"
"custom web development utah",3,"5%"
"custom web development services usa",6,"3%"
"what is a web browser",2,"3%"
"web design and development",29,"-8%"
"custom web design and development",29,"-8%"
"custom ecommerce web development services",3,"-10%"
"web development services",99,"-10%"
"custom php web development",8,"-10%"
"custom web development services",98,"-10%"
"web development company",92,"-20%"
"web design and development services",6,"-20%"
"mobile app development",17,"-20%"
"custom ecommerce web development",13,"-20%"
"custom web application development services company in usa",1,"-20%"
"machine learning models",1,"-20%"
"custom web development company",89,"-20%"
"custom web development solutions",21,"-20%"
"custom web development melbourne",4,"-20%"
"custom web design",49,"-20%"
"custom web application development",83,"-20%"
"web application development",83,"-20%"
"custom website development services",11,"-30%"