URL,Internal Links,External Links
https://seoustaad.com/,45,5
https://seoustaad.com/blog/,82,6
https://seoustaad.com/blog/shopify-dropshipping-karachi/,48,6
https://seoustaad.com/blog/shopify-dropshipping-lahore/,48,6
https://seoustaad.com/blog/shopify-dropshipping-pakistan-guide/,71,6
https://seoustaad.com/blog/web-development-best-practices/,49,6
https://seoustaad.com/locations/,62,6
https://seoustaad.com/locations/seo-agency-faisalabad/,109,6
https://seoustaad.com/locations/seo-agency-islamabad/,109,6
https://seoustaad.com/locations/seo-agency-karachi/,109,6
https://seoustaad.com/locations/seo-agency-lahore/,109,6
https://seoustaad.com/locations/seo-agency-multan/,109,6
https://seoustaad.com/locations/seo-agency-peshawar/,109,6
https://seoustaad.com/locations/seo-agency-rawalpindi/,109,6
https://seoustaad.com/services/,74,6
https://seoustaad.com/services/comprehensive-ecommerce-seo-audit/,44,6
https://seoustaad.com/services/custom-shopify-development-services/,44,6
https://seoustaad.com/services/custom-software-development/,47,6
https://seoustaad.com/services/custom-web-app-development/,45,6
https://seoustaad.com/services/custom-web-development-agency/,45,6
https://seoustaad.com/services/custom-wordpress-development-services/,44,6
https://seoustaad.com/services/ecommerce-seo-packages-strategy/,44,6
https://seoustaad.com/services/ecommerce-wordpress-woocommerce-development/,44,6
https://seoustaad.com/services/hire-ecommerce-seo-expert/,44,6
https://seoustaad.com/services/hire-local-seo-expert/,44,6
https://seoustaad.com/services/local-seo-audit-citations/,44,6
https://seoustaad.com/services/local-seo-services/,44,6
https://seoustaad.com/services/premium-ecommerce-seo-services/,44,6
https://seoustaad.com/services/react-nextjs-development/,46,6
https://seoustaad.com/services/shopify-store-development-partner/,44,6
https://seoustaad.com/services/shopify-theme-development/,44,6
https://seoustaad.com/services/web-application-development-services/,46,6
https://seoustaad.com/services/website-development/,47,6
https://seoustaad.com/services/white-label-shopify-development/,44,6
https://seoustaad.com/services/white-label-wordpress-development/,44,6
https://seoustaad.com/services/wordpress-plugin-development/,44,6
https://seoustaad.com/services/wordpress-theme-development/,44,6