URL,Word Count
https://portfolio.seoustaad.com/,
https://seoustaad.com/,
https://seoustaad.com/blog/,
https://seoustaad.com/blog/shopify-dropshipping-karachi/,
https://seoustaad.com/blog/shopify-dropshipping-lahore/,
https://seoustaad.com/blog/shopify-dropshipping-pakistan-guide/,
https://seoustaad.com/blog/web-development-best-practices/,
https://seoustaad.com/legal/,
https://seoustaad.com/locations/,
https://seoustaad.com/locations/seo-agency-faisalabad/,
https://seoustaad.com/locations/seo-agency-islamabad/,
https://seoustaad.com/locations/seo-agency-karachi/,
https://seoustaad.com/locations/seo-agency-lahore/,
https://seoustaad.com/locations/seo-agency-multan/,
https://seoustaad.com/locations/seo-agency-peshawar/,
https://seoustaad.com/locations/seo-agency-rawalpindi/,
https://seoustaad.com/services/,
https://seoustaad.com/services/comprehensive-ecommerce-seo-audit/,
https://seoustaad.com/services/comprehensive-keyword-research/,
https://seoustaad.com/services/custom-shopify-development-services/,
https://seoustaad.com/services/custom-software-development/,
https://seoustaad.com/services/custom-web-app-development/,
https://seoustaad.com/services/custom-web-development-agency/,
https://seoustaad.com/services/custom-wordpress-development-services/,
https://seoustaad.com/services/ecommerce-seo-packages-strategy/,
https://seoustaad.com/services/ecommerce-wordpress-woocommerce-development/,
https://seoustaad.com/services/hire-ecommerce-seo-expert/,
https://seoustaad.com/services/hire-local-seo-expert/,
https://seoustaad.com/services/local-seo-audit-citations/,
https://seoustaad.com/services/local-seo-services/,
https://seoustaad.com/services/premium-ecommerce-seo-services/,
https://seoustaad.com/services/premium-gmb-setup/,
https://seoustaad.com/services/premium-local-citations/,
https://seoustaad.com/services/premium-schema-markup/,
https://seoustaad.com/services/premium-technical-seo-audit/,
https://seoustaad.com/services/react-nextjs-development/,
https://seoustaad.com/services/shopify-store-development-partner/,
https://seoustaad.com/services/shopify-theme-development/,
https://seoustaad.com/services/web-application-development-services/,
https://seoustaad.com/services/website-development/,
https://seoustaad.com/services/white-label-shopify-development/,
https://seoustaad.com/services/white-label-wordpress-development/,
https://seoustaad.com/services/wordpress-plugin-development/,
https://seoustaad.com/services/wordpress-theme-development/,
https://www.seoustaad.com/,
https://www.seoustaad.com/services/comprehensive-keyword-research/,
https://www.seoustaad.com/services/premium-gmb-setup/,
https://www.seoustaad.com/services/premium-local-citations/,
https://www.seoustaad.com/services/premium-schema-markup/,
https://www.seoustaad.com/services/premium-technical-seo-audit/,