URL,Title,Meta Description,Status Code,H1,Broken Links,Duplicate Title,Duplicate Description,Duplicate Content,No Content Encoding,High Loading Time,Is Redirect,Is 4xx Code,Is 5xx Code,Is Broken,Not HTTPS,High Waiting Time,No Micromarkup,Has Micromarkup Errors,No Doctype,No Canonical,No Encoding Meta Tag,No H1 Tag,HTTPS to HTTP Links,Size Greater Than 3MB,No Meta Description,No Title,No Favicon,Not SEO Friendly URL,Has Misspelling,Title Too Long,Title Too Short,No Image Alt,No Image Title
https://seoustaad.com/cdn-cgi/l/email-protection,Missing,Missing,404,Missing,Pass,Pass,Pass,Pass,Pass,Pass,Pass,Fail,Pass,Fail,Pass,Pass,Fail,Pass,Pass,Fail,Pass,Pass,Pass,Pass,Pass,Pass,Pass,Fail,Pass,Pass,Pass,Pass,Pass
https://www.seoustaad.com/services/comprehensive-keyword-research/,Missing,Missing,522,Missing,Pass,Pass,Pass,Pass,Fail,Pass,Pass,Pass,Fail,Fail,Pass,Pass,Fail,Pass,Pass,Fail,Pass,Pass,Pass,Pass,Pass,Pass,Pass,Fail,Pass,Pass,Pass,Pass,Pass
https://www.seoustaad.com/services/premium-gmb-setup/,Missing,Missing,522,Missing,Pass,Pass,Pass,Pass,Fail,Pass,Pass,Pass,Fail,Fail,Pass,Pass,Fail,Pass,Pass,Fail,Pass,Pass,Pass,Pass,Pass,Pass,Pass,Fail,Pass,Pass,Pass,Pass,Pass
https://www.seoustaad.com/services/premium-local-citations/,Missing,Missing,522,Missing,Pass,Pass,Pass,Pass,Fail,Pass,Pass,Pass,Fail,Fail,Pass,Pass,Fail,Pass,Pass,Fail,Pass,Pass,Pass,Pass,Pass,Pass,Pass,Fail,Pass,Pass,Pass,Pass,Pass
https://www.seoustaad.com/services/premium-schema-markup/,Missing,Missing,522,Missing,Pass,Pass,Pass,Pass,Fail,Pass,Pass,Pass,Fail,Fail,Pass,Pass,Fail,Pass,Pass,Fail,Pass,Pass,Pass,Pass,Pass,Pass,Pass,Fail,Pass,Pass,Pass,Pass,Pass
https://www.seoustaad.com/services/premium-technical-seo-audit/,Missing,Missing,522,Missing,Pass,Pass,Pass,Pass,Fail,Pass,Pass,Pass,Fail,Fail,Pass,Pass,Fail,Pass,Pass,Fail,Pass,Pass,Pass,Pass,Pass,Pass,Pass,Fail,Pass,Pass,Pass,Pass,Pass
https://portfolio.seoustaad.com/,SEO Ustaad - Premium Growth Marketing & SEO Agency,"SEO Ustaad is a premium growth marketing and SEO agency focused on data-driven organic growth, high-converting copy, and brand authority.",200,"Dominate Digital Search
With SEO Ustaad.",Pass,Pass,Pass,Pass,Pass,Pass,Pass,Pass,Pass,Pass,Pass,Pass,Fail,Pass,Pass,Pass,Pass,Pass,Pass,Pass,Pass,Pass,Pass,Pass,Fail,Pass,Pass,Pass,Pass
https://seoustaad.com/,"SEO Ustaad | Dominate Digital Search in Pakistan | SEO, Web Dev & SMM","SEO Ustaad is Pakistan's top-rated Generative Engine Optimization & Web Development agency. Scale your brand with affordable WordPress developers and ROI-driven SEO starting at 5,000 PKR. Order via WhatsApp today.",200,"Dominate Digital Search
 With SEO Ustaad",Fail,Pass,Pass,Pass,Pass,Pass,Pass,Pass,Pass,Pass,Pass,Pass,Fail,Pass,Pass,Pass,Pass,Pass,Pass,Pass,Pass,Pass,Pass,Pass,Fail,Fail,Pass,Pass,Pass
https://seoustaad.com/blog/,Blog | SEO Ustaad — Web Development News & Best Practices,"Latest web development news, best practices, React tips, and digital insights from SEO Ustaad, Pakistan's #1 digital agency.",200,SEO Ustaad  Blog,Fail,Pass,Pass,Pass,Pass,Pass,Pass,Pass,Pass,Pass,Pass,Pass,Fail,Pass,Pass,Fail,Pass,Pass,Pass,Pass,Pass,Pass,Pass,Fail,Fail,Pass,Pass,Pass,Pass
https://seoustaad.com/blog/shopify-dropshipping-karachi/,Shopify Dropshipping in Karachi 2026: Complete Local Guide | SEO Ustaad,"Start a profitable Shopify dropshipping business in Karachi in 2026. Local suppliers, COD delivery, and winning Meta & TikTok ad strategies for the Karachi market.",200,Shopify Dropshipping in Karachi (2026): The Complete Local Playbook,Fail,Pass,Pass,Pass,Pass,Pass,Pass,Pass,Pass,Pass,Pass,Pass,Fail,Pass,Pass,Fail,Pass,Pass,Pass,Pass,Pass,Pass,Pass,Fail,Fail,Pass,Pass,Pass,Pass
https://seoustaad.com/blog/shopify-dropshipping-lahore/,Shopify Dropshipping in Lahore 2026: Complete Local Guide | SEO Ustaad,"Start a profitable Shopify dropshipping business in Lahore in 2026. Local suppliers, COD delivery, and winning Meta & TikTok ad strategies for the Lahore market.",200,Shopify Dropshipping in Lahore (2026): The Complete Local Playbook,Fail,Pass,Pass,Pass,Pass,Pass,Pass,Pass,Pass,Pass,Pass,Pass,Fail,Pass,Pass,Fail,Pass,Pass,Pass,Pass,Pass,Pass,Pass,Fail,Fail,Pass,Pass,Pass,Pass
https://seoustaad.com/blog/shopify-dropshipping-pakistan-guide/,"Shopify Dropshipping in Pakistan 2026: Local Suppliers, HHC, PostEx & Winning Strategy | SEO Ustaad","The definitive 2026 guide to Shopify dropshipping in Pakistan. Learn local sourcing with HHC Dropshipping & Zambeel, PostEx courier integration, Meta & TikTok ad scaling, and Shopify store SEO.",200,Shopify Dropshipping in Pakistan (2026): The Ultimate Blueprint from Local Sourcing to Scaling,Fail,Pass,Pass,Pass,Pass,Pass,Pass,Pass,Pass,Pass,Pass,Pass,Fail,Pass,Pass,Fail,Pass,Pass,Pass,Pass,Pass,Pass,Pass,Fail,Fail,Pass,Pass,Pass,Pass
https://seoustaad.com/blog/web-development-best-practices/,"Web Development Best Practices for 2026: Core Web Vitals, GEO & Performance | SEO Ustaad","Master web development best practices for 2026. Learn Core Web Vitals optimization, Generative Engine Optimization (GEO), semantic HTML, and performance tuning from Pakistan's top dev agency.",200,"Web Development Best Practices for 2026: Core Web Vitals, GEO & Performance",Fail,Pass,Pass,Pass,Pass,Pass,Pass,Pass,Pass,Pass,Pass,Pass,Fail,Pass,Pass,Fail,Pass,Pass,Pass,Pass,Pass,Pass,Pass,Fail,Fail,Pass,Pass,Pass,Pass
https://seoustaad.com/locations/,Locations | SEO Agency Across Pakistan | SEO Ustaad,"SEO Ustaad provides premium SEO, Web Development, WordPress, and Shopify services across 26 major cities in Pakistan including Karachi, Lahore, and Islamabad.",200,Our  Locations,Fail,Pass,Pass,Pass,Pass,Pass,Pass,Pass,Pass,Pass,Pass,Pass,Fail,Pass,Pass,Fail,Pass,Pass,Pass,Pass,Pass,Pass,Pass,Fail,Fail,Pass,Pass,Pass,Pass
https://seoustaad.com/locations/seo-agency-faisalabad/,SEO Agency in Faisalabad | SEO Ustaad,"Looking for a local SEO consultant in Faisalabad? SEO Ustaad provides premium eCommerce web design services and affordable WordPress developers in Faisalabad starting at just 5,000 PKR. Dominate your local market today!",200,"SEO Agency in Faisalabad
 Dominate Local Search",Fail,Pass,Pass,Pass,Pass,Pass,Pass,Pass,Pass,Pass,Pass,Pass,Fail,Pass,Pass,Fail,Pass,Pass,Pass,Pass,Pass,Pass,Pass,Fail,Fail,Pass,Pass,Pass,Pass
https://seoustaad.com/locations/seo-agency-islamabad/,SEO Agency in Islamabad | SEO Ustaad,"Looking for a local SEO consultant in Islamabad? SEO Ustaad provides premium eCommerce web design services and affordable WordPress developers in Islamabad starting at just 5,000 PKR. Dominate your local market today!",200,"SEO Agency in Islamabad
 Dominate Local Search",Fail,Pass,Pass,Pass,Pass,Pass,Pass,Pass,Pass,Pass,Pass,Pass,Fail,Pass,Pass,Fail,Pass,Pass,Pass,Pass,Pass,Pass,Pass,Fail,Fail,Pass,Pass,Pass,Pass
https://seoustaad.com/locations/seo-agency-karachi/,SEO Agency in Karachi | SEO Ustaad,"Looking for a local SEO consultant in Karachi? SEO Ustaad provides premium eCommerce web design services and affordable WordPress developers in Karachi starting at just 5,000 PKR. Dominate your local market today!",200,"SEO Agency in Karachi
 Dominate Local Search",Fail,Pass,Pass,Pass,Pass,Pass,Pass,Pass,Pass,Pass,Pass,Pass,Fail,Pass,Pass,Fail,Pass,Pass,Pass,Pass,Pass,Pass,Pass,Fail,Fail,Pass,Pass,Pass,Pass
https://seoustaad.com/locations/seo-agency-lahore/,SEO Agency in Lahore | SEO Ustaad,"Looking for a local SEO consultant in Lahore? SEO Ustaad provides premium eCommerce web design services and affordable WordPress developers in Lahore starting at just 5,000 PKR. Dominate your local market today!",200,"SEO Agency in Lahore
 Dominate Local Search",Fail,Pass,Pass,Pass,Pass,Pass,Pass,Pass,Pass,Pass,Pass,Pass,Fail,Pass,Pass,Fail,Pass,Pass,Pass,Pass,Pass,Pass,Pass,Fail,Fail,Pass,Pass,Pass,Pass
https://seoustaad.com/locations/seo-agency-multan/,SEO Agency in Multan | SEO Ustaad,"Looking for a local SEO consultant in Multan? SEO Ustaad provides premium eCommerce web design services and affordable WordPress developers in Multan starting at just 5,000 PKR. Dominate your local market today!",200,"SEO Agency in Multan
 Dominate Local Search",Fail,Pass,Pass,Pass,Pass,Pass,Pass,Pass,Pass,Pass,Pass,Pass,Fail,Pass,Pass,Fail,Pass,Pass,Pass,Pass,Pass,Pass,Pass,Fail,Fail,Pass,Pass,Pass,Pass
https://seoustaad.com/locations/seo-agency-peshawar/,SEO Agency in Peshawar | SEO Ustaad,"Looking for a local SEO consultant in Peshawar? SEO Ustaad provides premium eCommerce web design services and affordable WordPress developers in Peshawar starting at just 5,000 PKR. Dominate your local market today!",200,"SEO Agency in Peshawar
 Dominate Local Search",Fail,Pass,Pass,Pass,Pass,Pass,Pass,Pass,Pass,Pass,Pass,Pass,Fail,Pass,Pass,Fail,Pass,Pass,Pass,Pass,Pass,Pass,Pass,Fail,Fail,Pass,Pass,Pass,Pass
https://seoustaad.com/locations/seo-agency-rawalpindi/,SEO Agency in Rawalpindi | SEO Ustaad,"Looking for a local SEO consultant in Rawalpindi? SEO Ustaad provides premium eCommerce web design services and affordable WordPress developers in Rawalpindi starting at just 5,000 PKR. Dominate your local market today!",200,"SEO Agency in Rawalpindi
 Dominate Local Search",Fail,Pass,Pass,Pass,Pass,Pass,Pass,Pass,Pass,Pass,Pass,Pass,Fail,Pass,Pass,Fail,Pass,Pass,Pass,Pass,Pass,Pass,Pass,Fail,Fail,Pass,Pass,Pass,Pass
https://seoustaad.com/services/,All Services | SEO Ustaad Pakistan,"Explore all SEO, Web Development, Shopify, WordPress, E-Commerce SEO and Local SEO services offered by SEO Ustaad across 26 cities in Pakistan.",200,All  Services,Fail,Pass,Pass,Pass,Pass,Pass,Pass,Pass,Pass,Pass,Pass,Pass,Fail,Pass,Pass,Fail,Pass,Pass,Pass,Pass,Pass,Pass,Pass,Fail,Fail,Pass,Pass,Pass,Pass
https://seoustaad.com/services/comprehensive-ecommerce-seo-audit/,Comprehensive E-Commerce SEO Audit | SEO Ustaad,"Get professional Comprehensive E-Commerce SEO Audit services by SEO Ustaad. We specialize in ROI-driven ecom and custom solutions for startups to boost your rankings. Premium quality starting at 15,000 PKR. Order directly on WhatsApp!",200,"Comprehensive E-Commerce SEO Audit  
  Only 15,000 PKR",Fail,Pass,Pass,Pass,Pass,Pass,Pass,Pass,Pass,Pass,Pass,Pass,Fail,Pass,Pass,Fail,Pass,Pass,Pass,Pass,Pass,Pass,Pass,Fail,Fail,Pass,Pass,Pass,Pass
https://seoustaad.com/services/comprehensive-keyword-research/,Comprehensive Keyword Research & Competitor Gap Analysis | SEO Ustaad,"Get professional Comprehensive Keyword Research & Competitor Gap Analysis services by SEO Ustaad. We specialize in ROI-driven seo and custom solutions for startups to boost your rankings. Premium quality starting at 10,000 PKR. Order directly on WhatsApp!",200,"Comprehensive Keyword Research & Competitor Gap Analysis  
  Only 10,000 PKR",Fail,Pass,Pass,Pass,Pass,Pass,Pass,Pass,Pass,Pass,Pass,Pass,Fail,Pass,Pass,Fail,Pass,Pass,Pass,Pass,Pass,Pass,Pass,Fail,Fail,Pass,Pass,Pass,Pass
https://seoustaad.com/services/custom-shopify-development-services/,Custom Shopify Development Services | SEO Ustaad,"Get professional Custom Shopify Development Services services by SEO Ustaad. We specialize in ROI-driven shopify and custom solutions for startups to boost your rankings. Premium quality starting at 35,000 PKR. Order directly on WhatsApp!",200,"Custom Shopify Development Services  
  Only 35,000 PKR",Fail,Pass,Pass,Pass,Pass,Pass,Pass,Pass,Pass,Pass,Pass,Pass,Fail,Pass,Pass,Fail,Pass,Pass,Pass,Pass,Pass,Pass,Pass,Fail,Fail,Pass,Pass,Pass,Pass
https://seoustaad.com/services/custom-software-development/,Custom Software Development | SEO Ustaad,"Custom software development services — web apps, APIs, and enterprise solutions. SEO Ustaad delivers ROI-driven software at affordable prices.",200,"Custom Software Development  
  Only 30,000 PKR",Fail,Pass,Pass,Pass,Pass,Pass,Pass,Pass,Pass,Pass,Pass,Pass,Fail,Pass,Pass,Fail,Pass,Pass,Pass,Pass,Pass,Pass,Pass,Fail,Fail,Pass,Pass,Pass,Pass
https://seoustaad.com/services/custom-web-app-development/,Custom Web App Development | SEO Ustaad,"Custom web app development by SEO Ustaad. Build scalable, performant web applications with React, Next.js & Node.js. Starting at 30,000 PKR.",200,"Custom Web App Development  
  Only 30,000 PKR",Fail,Pass,Pass,Pass,Pass,Pass,Pass,Pass,Pass,Pass,Pass,Pass,Fail,Pass,Pass,Fail,Pass,Pass,Pass,Pass,Pass,Pass,Pass,Fail,Fail,Pass,Pass,Pass,Pass
https://seoustaad.com/services/custom-web-development-agency/,Custom Web Development Agency | SEO Ustaad,"Custom web development agency services by SEO Ustaad. Full-service web development, design, and SEO-optimized builds. Starting at 20,000 PKR.",200,"Custom Web Development Agency  
  Only 20,000 PKR",Fail,Pass,Pass,Pass,Pass,Pass,Pass,Pass,Pass,Pass,Pass,Pass,Fail,Pass,Pass,Fail,Pass,Pass,Pass,Pass,Pass,Pass,Pass,Fail,Fail,Pass,Pass,Pass,Pass
https://seoustaad.com/services/custom-wordpress-development-services/,Custom WordPress Development Services | SEO Ustaad,"Get professional Custom WordPress Development Services services by SEO Ustaad. We specialize in ROI-driven wordpress and custom solutions for startups to boost your rankings. Premium quality starting at 30,000 PKR. Order directly on WhatsApp!",200,"Custom WordPress Development Services  
  Only 30,000 PKR",Fail,Pass,Pass,Pass,Pass,Pass,Pass,Pass,Pass,Pass,Pass,Pass,Fail,Pass,Pass,Fail,Pass,Pass,Pass,Pass,Pass,Pass,Pass,Fail,Fail,Pass,Pass,Pass,Pass
https://seoustaad.com/services/ecommerce-seo-packages-strategy/,Advanced E-Commerce SEO Strategy & Packages | SEO Ustaad,"Get professional Advanced E-Commerce SEO Strategy & Packages services by SEO Ustaad. We specialize in ROI-driven ecom and custom solutions for startups to boost your rankings. Premium quality starting at 20,000 PKR. Order directly on WhatsApp!",200,"Advanced E-Commerce SEO Strategy & Packages  
  Only 20,000 PKR",Fail,Pass,Pass,Pass,Pass,Pass,Pass,Pass,Pass,Pass,Pass,Pass,Fail,Pass,Pass,Fail,Pass,Pass,Pass,Pass,Pass,Pass,Pass,Fail,Fail,Pass,Pass,Pass,Pass
https://seoustaad.com/services/ecommerce-wordpress-woocommerce-development/,E-Commerce WordPress & WooCommerce Development | SEO Ustaad,"Get professional E-Commerce WordPress & WooCommerce Development services by SEO Ustaad. We specialize in ROI-driven wordpress and custom solutions for startups to boost your rankings. Premium quality starting at 35,000 PKR. Order directly on WhatsApp!",200,"E-Commerce WordPress & WooCommerce Development  
  Only 35,000 PKR",Fail,Pass,Pass,Pass,Pass,Pass,Pass,Pass,Pass,Pass,Pass,Pass,Fail,Pass,Pass,Fail,Pass,Pass,Pass,Pass,Pass,Pass,Pass,Fail,Fail,Pass,Pass,Pass,Pass
https://seoustaad.com/services/hire-ecommerce-seo-expert/,Hire E-Commerce SEO Expert | SEO Ustaad,"Get professional Hire E-Commerce SEO Expert services by SEO Ustaad. We specialize in ROI-driven ecom and custom solutions for startups to boost your rankings. Premium quality starting at 30,000 PKR. Order directly on WhatsApp!",200,"Hire E-Commerce SEO Expert  
  Only 30,000 PKR",Fail,Pass,Pass,Pass,Pass,Pass,Pass,Pass,Pass,Pass,Pass,Pass,Fail,Pass,Pass,Fail,Pass,Pass,Pass,Pass,Pass,Pass,Pass,Fail,Fail,Pass,Pass,Pass,Pass
https://seoustaad.com/services/hire-local-seo-expert/,Hire Dedicated Local SEO Expert | SEO Ustaad,"Get professional Hire Dedicated Local SEO Expert services by SEO Ustaad. We specialize in ROI-driven seo and custom solutions for startups to boost your rankings. Premium quality starting at 30,000 PKR. Order directly on WhatsApp!",200,"Hire Dedicated Local SEO Expert  
  Only 30,000 PKR",Fail,Pass,Pass,Pass,Pass,Pass,Pass,Pass,Pass,Pass,Pass,Pass,Fail,Pass,Pass,Fail,Pass,Pass,Pass,Pass,Pass,Pass,Pass,Fail,Fail,Pass,Pass,Pass,Pass
https://seoustaad.com/services/local-seo-audit-citations/,Local SEO Audit & Citation Building | SEO Ustaad,"Get professional Local SEO Audit & Citation Building services by SEO Ustaad. We specialize in ROI-driven seo and custom solutions for startups to boost your rankings. Premium quality starting at 15,000 PKR. Order directly on WhatsApp!",200,"Local SEO Audit & Citation Building  
  Only 15,000 PKR",Fail,Pass,Pass,Pass,Pass,Pass,Pass,Pass,Pass,Pass,Pass,Pass,Fail,Pass,Pass,Fail,Pass,Pass,Pass,Pass,Pass,Pass,Pass,Fail,Fail,Pass,Pass,Pass,Pass
https://seoustaad.com/services/local-seo-services/,Premium Local SEO Services | SEO Ustaad,"Get professional Premium Local SEO Services services by SEO Ustaad. We specialize in ROI-driven seo and custom solutions for startups to boost your rankings. Premium quality starting at 25,000 PKR. Order directly on WhatsApp!",200,"Premium Local SEO Services  
  Only 25,000 PKR",Fail,Pass,Pass,Pass,Pass,Pass,Pass,Pass,Pass,Pass,Pass,Pass,Fail,Pass,Pass,Fail,Pass,Pass,Pass,Pass,Pass,Pass,Pass,Fail,Fail,Pass,Pass,Pass,Pass
https://seoustaad.com/services/premium-ecommerce-seo-services/,Premium E-Commerce SEO Services | SEO Ustaad,"Get professional Premium E-Commerce SEO Services services by SEO Ustaad. We specialize in ROI-driven ecom and custom solutions for startups to boost your rankings. Premium quality starting at 25,000 PKR. Order directly on WhatsApp!",200,"Premium E-Commerce SEO Services  
  Only 25,000 PKR",Fail,Pass,Pass,Pass,Pass,Pass,Pass,Pass,Pass,Pass,Pass,Pass,Fail,Pass,Pass,Fail,Pass,Pass,Pass,Pass,Pass,Pass,Pass,Fail,Fail,Pass,Pass,Pass,Pass
https://seoustaad.com/services/premium-gmb-setup/,Premium Google Business Profile (GMB) Setup & Ranking | SEO Ustaad,"Get professional Premium Google Business Profile (GMB) Setup & Ranking services by SEO Ustaad. We specialize in ROI-driven local and custom solutions for startups to boost your rankings. Premium quality starting at 10,000 PKR. Order directly on WhatsApp!",200,"Premium Google Business Profile (GMB) Setup & Ranking  
  Only 10,000 PKR",Fail,Pass,Pass,Pass,Pass,Pass,Pass,Pass,Pass,Pass,Pass,Pass,Fail,Pass,Pass,Fail,Pass,Pass,Pass,Pass,Pass,Pass,Pass,Fail,Fail,Pass,Pass,Pass,Pass
https://seoustaad.com/services/premium-local-citations/,Premium Local Citations & High-DA Directory Listings | SEO Ustaad,"Get professional Premium Local Citations & High-DA Directory Listings services by SEO Ustaad. We specialize in ROI-driven local and custom solutions for startups to boost your rankings. Premium quality starting at 8,000 PKR. Order directly on WhatsApp!",200,"Premium Local Citations & High-DA Directory Listings  
  Only 8,000 PKR",Fail,Pass,Pass,Pass,Pass,Pass,Pass,Pass,Pass,Pass,Pass,Pass,Fail,Pass,Pass,Fail,Pass,Pass,Pass,Pass,Pass,Pass,Pass,Fail,Fail,Pass,Pass,Pass,Pass
https://seoustaad.com/services/premium-schema-markup/,Premium Schema Markup & Advanced Structured Data | SEO Ustaad,"Get professional Premium Schema Markup & Advanced Structured Data services by SEO Ustaad. We specialize in ROI-driven seo and custom solutions for startups to boost your rankings. Premium quality starting at 8,000 PKR. Order directly on WhatsApp!",200,"Premium Schema Markup & Advanced Structured Data  
  Only 8,000 PKR",Fail,Pass,Pass,Pass,Pass,Pass,Pass,Pass,Pass,Pass,Pass,Pass,Fail,Pass,Pass,Fail,Pass,Pass,Pass,Pass,Pass,Pass,Pass,Fail,Fail,Pass,Pass,Pass,Pass
https://seoustaad.com/services/premium-technical-seo-audit/,Premium Technical SEO Audit & Action Plan | SEO Ustaad,"Get professional Premium Technical SEO Audit & Action Plan services by SEO Ustaad. We specialize in ROI-driven seo and custom solutions for startups to boost your rankings. Premium quality starting at 15,000 PKR. Order directly on WhatsApp!",200,"Premium Technical SEO Audit & Action Plan  
  Only 15,000 PKR",Fail,Pass,Pass,Pass,Pass,Pass,Pass,Pass,Pass,Pass,Pass,Pass,Fail,Pass,Pass,Fail,Pass,Pass,Pass,Pass,Pass,Pass,Pass,Fail,Fail,Pass,Pass,Pass,Pass
https://seoustaad.com/services/react-nextjs-development/,React & Next.js Development | SEO Ustaad,"React & Next.js development services. Modern, fast, and SEO-friendly web applications built by Pakistan's top dev agency. Starting at 30,000 PKR.",200,"React & Next.js Development  
  Only 30,000 PKR",Fail,Pass,Pass,Pass,Pass,Pass,Pass,Pass,Pass,Pass,Pass,Pass,Fail,Pass,Pass,Fail,Pass,Pass,Pass,Pass,Pass,Pass,Pass,Fail,Fail,Pass,Pass,Pass,Pass
https://seoustaad.com/services/shopify-store-development-partner/,Shopify Development Partner – Full Store Setup | SEO Ustaad,"Get professional Shopify Development Partner – Full Store Setup services by SEO Ustaad. We specialize in ROI-driven shopify and custom solutions for startups to boost your rankings. Premium quality starting at 30,000 PKR. Order directly on WhatsApp!",200,"Shopify Development Partner – Full Store Setup  
  Only 30,000 PKR",Fail,Pass,Pass,Pass,Pass,Pass,Pass,Pass,Pass,Pass,Pass,Pass,Fail,Pass,Pass,Fail,Pass,Pass,Pass,Pass,Pass,Pass,Pass,Fail,Fail,Pass,Pass,Pass,Pass
https://seoustaad.com/services/shopify-theme-development/,Shopify Theme Development | SEO Ustaad,"Get professional Shopify Theme Development services by SEO Ustaad. We specialize in ROI-driven shopify and custom solutions for startups to boost your rankings. Premium quality starting at 20,000 PKR. Order directly on WhatsApp!",200,"Shopify Theme Development  
  Only 20,000 PKR",Fail,Pass,Pass,Pass,Pass,Pass,Pass,Pass,Pass,Pass,Pass,Pass,Fail,Pass,Pass,Fail,Pass,Pass,Pass,Pass,Pass,Pass,Pass,Fail,Fail,Pass,Pass,Pass,Pass
https://seoustaad.com/services/web-application-development-services/,Web Application Development Services | SEO Ustaad,"Professional web application development services by SEO Ustaad. Build scalable, feature-rich web applications with modern tech stacks. Starting at 25,000 PKR.",200,"Web Application Development Services  
  Only 25,000 PKR",Fail,Pass,Pass,Pass,Pass,Pass,Pass,Pass,Pass,Pass,Pass,Pass,Fail,Pass,Pass,Fail,Pass,Pass,Pass,Pass,Pass,Pass,Pass,Fail,Fail,Pass,Pass,Pass,Pass
https://seoustaad.com/services/website-development/,Website Development | SEO Ustaad,"Get professional website development services by SEO Ustaad. Custom web development, responsive design, and SEO-optimized sites starting at 20,000 PKR.",200,"Website Development  
  Only 20,000 PKR",Fail,Pass,Pass,Pass,Pass,Pass,Pass,Pass,Pass,Pass,Pass,Pass,Fail,Pass,Pass,Fail,Pass,Pass,Pass,Pass,Pass,Pass,Pass,Fail,Fail,Pass,Pass,Pass,Pass
https://seoustaad.com/services/white-label-shopify-development/,White Label Shopify Development | SEO Ustaad,"Get professional White Label Shopify Development services by SEO Ustaad. We specialize in ROI-driven shopify and custom solutions for startups to boost your rankings. Premium quality starting at 45,000 PKR. Order directly on WhatsApp!",200,"White Label Shopify Development  
  Only 45,000 PKR",Fail,Pass,Pass,Pass,Pass,Pass,Pass,Pass,Pass,Pass,Pass,Pass,Fail,Pass,Pass,Fail,Pass,Pass,Pass,Pass,Pass,Pass,Pass,Fail,Fail,Pass,Pass,Pass,Pass
https://seoustaad.com/services/white-label-wordpress-development/,White Label WordPress Development | SEO Ustaad,"Get professional White Label WordPress Development services by SEO Ustaad. We specialize in ROI-driven wordpress and custom solutions for startups to boost your rankings. Premium quality starting at 40,000 PKR. Order directly on WhatsApp!",200,"White Label WordPress Development  
  Only 40,000 PKR",Fail,Pass,Pass,Pass,Pass,Pass,Pass,Pass,Pass,Pass,Pass,Pass,Fail,Pass,Pass,Fail,Pass,Pass,Pass,Pass,Pass,Pass,Pass,Fail,Fail,Pass,Pass,Pass,Pass
https://seoustaad.com/services/wordpress-plugin-development/,WordPress Plugin Development | SEO Ustaad,"Get professional WordPress Plugin Development services by SEO Ustaad. We specialize in ROI-driven wordpress and custom solutions for startups to boost your rankings. Premium quality starting at 25,000 PKR. Order directly on WhatsApp!",200,"WordPress Plugin Development  
  Only 25,000 PKR",Fail,Pass,Pass,Pass,Pass,Pass,Pass,Pass,Pass,Pass,Pass,Pass,Fail,Pass,Pass,Fail,Pass,Pass,Pass,Pass,Pass,Pass,Pass,Fail,Fail,Pass,Pass,Pass,Pass
https://seoustaad.com/services/wordpress-theme-development/,WordPress Theme Development | SEO Ustaad,"Get professional WordPress Theme Development services by SEO Ustaad. We specialize in ROI-driven wordpress and custom solutions for startups to boost your rankings. Premium quality starting at 18,000 PKR. Order directly on WhatsApp!",200,"WordPress Theme Development  
  Only 18,000 PKR",Fail,Pass,Pass,Pass,Pass,Pass,Pass,Pass,Pass,Pass,Pass,Pass,Fail,Pass,Pass,Fail,Pass,Pass,Pass,Pass,Pass,Pass,Pass,Fail,Fail,Pass,Pass,Pass,Pass
https://seoustaad.com/legal,Missing,Missing,308,Missing,Pass,Pass,Pass,Pass,Fail,Pass,Fail,Pass,Pass,Pass,Pass,Pass,Fail,Pass,Pass,Fail,Pass,Pass,Pass,Pass,Pass,Pass,Pass,Fail,Pass,Pass,Pass,Pass,Pass